DEPT,GR,Res,CALI,RHOB
2029,73.966,4.475,8.015,2.484
2029.5,73.843,4.089,7.955,2.474
2030,75.413,3.985,7.983,2.461
2030.5,75.882,3.94,7.988,2.454
2031,74.691,3.734,7.908,2.45
2031.5,73.897,3.65,7.916,2.441
2032,73.498,3.465,7.933,2.447
2032.5,73.135,3.764,7.849,2.453
2033,72.893,4.02,7.869,2.472
2033.5,71.308,4.298,7.894,2.489
2034,69.526,4.576,7.862,2.507
2034.5,68.534,4.693,7.822,2.523
2035,69.201,4.79,7.883,2.537
2035.5,69.667,4.906,7.895,2.514
2036,69.701,4.943,7.879,2.516
2036.5,69.655,5.02,7.868,2.51
2037,68.188,5.316,7.936,2.504
2037.5,66.565,5.554,7.929,2.517
2038,65.218,5.711,7.885,2.513
2038.5,65.292,5.808,7.893,2.503
2039,65.76,5.926,7.954,2.521
2039.5,66.582,5.98,7.962,2.534
2040,67.56,5.977,7.902,2.531
2040.5,68.187,5.973,7.955,2.547
2041,69.047,5.97,7.947,2.567
2041.5,69.436,5.926,7.887,2.584
2042,69.312,5.92,7.892,2.577
2042.5,68.478,6.017,8.081,2.569
2043,67.603,6.295,8.041,2.554
2043.5,67.202,6.513,7.981,2.543
2044,66.959,6.791,7.946,2.565
2044.5,66.717,7.148,7.958,2.558
2045,66.002,7.366,8.003,2.567
2045.5,64.891,7.684,7.971,2.556
2046,64.963,8.002,7.911,2.565
2046.5,64.603,8.26,7.899,2.571
2047,64.046,8.356,7.924,2.573
2047.5,63.959,8.311,7.904,2.575
2048,63.717,8.307,7.892,2.549
2048.5,63.474,8.264,7.941,2.537
2049,63.311,8.24,7.949,2.55
2049.5,62.633,8.235,7.926,2.558
2050,62.312,8.271,7.89,2.567
2050.5,61.91,8.368,7.898,2.574
2051,61.155,8.465,7.899,2.572
2051.5,59.533,9.166,7.907,2.569
2052,57.75,9.424,8.036,2.582
2052.5,56.521,9.881,8.081,2.58
2053,55.726,10.3,7.956,2.558
2053.5,56.036,10.599,8.158,2.523
2054,57.449,10.837,8.238,2.498
2054.5,60.285,10.993,8.078,2.497
2055,61.422,11.11,7.99,2.491
2055.5,62.048,11.167,8.083,2.477
2056,62.673,11.123,7.915,2.472
2056.5,63.889,11.379,7.915,2.472
2057,66.171,11.436,8.02,2.479
2057.5,69.123,11.433,8.088,2.483
2058,70.221,11.429,7.972,2.495
2058.5,70.611,11.425,8.073,2.504
2059,70.645,11.399,7.909,2.497
2059.5,70.717,11.355,7.957,2.468
2060,71.146,11.352,7.99,2.464
2060.5,70.823,11.348,8.119,2.456
2061,69.2,11.404,8.047,2.468
2061.5,68.444,11.902,7.923,2.473
2062,67.65,12.12,7.995,2.475
2062.5,66.459,12.398,7.879,2.459
2063,66.059,13.259,7.888,2.466
2063.5,63.844,13.477,8.017,2.46
2064,60.09,13.533,7.993,2.444
2064.5,57.322,13.57,7.917,2.435
2065,55.66,13.566,8.022,2.446
2065.5,54.471,13.542,7.946,2.453
2066,54.111,13.438,7.878,2.459
2066.5,54.616,12.949,7.866,2.48
2067,56.347,12.241,7.79,2.474
2067.5,56.655,11.653,7.992,2.473
2068,54.006,11.649,7.924,2.463
2068.5,51.278,11.887,8.069,2.448
2069,49.458,12.226,8.093,2.451
2069.5,48.11,12.724,8.202,2.456
2070,47.236,13.203,8.226,2.464
2070.5,46.442,13.662,8.279,2.457
2071,45.646,13.678,8.067,2.457
2071.5,45.641,14.358,8.071,2.464
2072,46.739,15.018,8.063,2.472
2072.5,48.626,15.377,7.951,2.474
2073,51.658,15.35,7.964,2.473
2073.5,52.874,15.25,7.98,2.478
2074,52.828,15.25,7.98,2.464
2074.5,51.994,15.15,7.993,2.432
2075,51.672,15.15,8.254,2.425
2075.5,51.036,15.152,8.331,2.428
2076,49.846,15.108,8.102,2.431
2076.5,49.05,15.064,8.231,2.446
2077,49.361,15.04,8.328,2.459
2077.5,49.592,14.934,8.112,2.429
2078,49.072,14.91,7.971,2.418
2078.5,46.659,14.906,8.165,2.43
2079,43.852,14.942,8.073,2.428
2079.5,41.086,14.939,7.952,2.411
2080,40.015,14.734,7.949,2.427
2080.5,40.323,14.205,8.018,2.442
2081,40.318,13.738,7.982,2.44
2081.5,40.312,13.312,7.934,2.422
2082,41.094,12.865,7.966,2.442
2082.5,42.666,12.519,8.031,2.465
2083,42.937,12.314,8.003,2.478
2083.5,42.892,11.927,7.976,2.473
2084,43.082,11.762,8.052,2.483
2084.5,43.511,11.596,8.069,2.504
2085,42.557,11.613,8.069,2.514
2085.5,41.96,11.77,8.041,2.522
2086,41.521,12.008,8.042,2.535
2086.5,42.027,12.286,8.086,2.549
2087,42.099,13.187,8.071,2.534
2087.5,42.883,13.646,8.027,2.522
2088,43.309,14.225,8.031,2.51
2088.5,43.462,14.665,8.076,2.532
2089,43.535,15.264,8.1,2.552
2089.5,43.567,15.481,8.077,2.54
2090,43.562,15.639,8.017,2.565
2090.5,42.529,15.756,7.913,2.571
2091,40.946,15.954,7.965,2.562
2091.5,40.862,16.251,7.994,2.549
2092,40.499,16.086,7.886,2.533
2092.5,40.139,15.7,7.986,2.522
2093,39.621,15.232,8.023,2.514
2093.5,39.18,15.491,7.907,2.499
2094,38.977,15.507,7.919,2.483
2094.5,38.932,15.703,7.956,2.489
2095,39.24,15.72,7.912,2.485
2095.5,40.064,15.715,7.937,2.452
2096,41.596,15.691,7.985,2.443
2096.5,44.548,15.687,7.865,2.43
2097,45.606,15.764,7.813,2.404
2097.5,46.824,16.343,7.858,2.382
2098,47.726,17.365,7.902,2.415
2098.5,48.863,18.73,7.823,2.442
2099,49.528,19.069,7.814,2.46
2099.5,51.335,19.106,7.773,2.468
2100,51.725,19.121,7.66,2.395
2100.5,51.719,19.137,7.535,2.362
2101,51.793,18.207,7.482,2.362
2101.5,52.456,17.338,7.492,2.368
2102,55.013,17.012,7.56,2.369
2102.5,56.861,16.081,7.634,2.392
2103,57.29,15.493,7.67,2.426
2103.5,57.876,14.966,7.68,2.452
2104,57.475,15.044,7.679,2.461
2104.5,55.733,16.166,7.654,2.442
2105,52.965,17.108,7.633,2.425
2105.5,48.541,18.03,7.624,2.402
2106,45.024,18.972,7.611,2.395
2106.5,42.809,21.222,7.562,2.401
2107,39.686,23.07,7.521,2.407
2107.5,37.511,24.918,7.472,2.394
2108,36.283,25.538,7.447,2.417
2108.5,36.039,26.057,7.442,2.44
2109,36.744,26.073,7.553,2.474
2109.5,37.528,25.869,7.616,2.512
2110,38.033,25.642,7.643,2.512
2110.5,38.028,25.599,7.642,2.504
2111,37.825,25.434,7.621,2.489
2111.5,37.462,25.208,7.592,2.448
2112,37.496,24.802,7.586,2.439
2112.5,38.791,24.436,7.63,2.399
2113,41.192,24.451,7.744,2.384
2113.5,42.527,24.749,7.839,2.377
2114,43.941,25.409,7.71,2.379
2114.5,45.237,25.607,7.593,2.387
2115,46.257,25.16,7.588,2.39
2115.5,46.252,23.445,7.671,2.418
2116,45.849,23.018,7.658,2.452
2116.5,45.016,22.753,7.649,2.463
2117,44.378,22.99,7.648,2.479
2117.5,43.859,23.147,7.619,2.47
2118,44.721,23.585,7.626,2.45
2118.5,45.03,24.809,7.633,2.432
2119,45.102,25.348,7.652,2.403
2119.5,44.15,25.365,7.619,2.382
2120,42.092,25.382,7.674,2.406
2120.5,40.785,24.913,7.885,2.4
2121,40.74,23.581,7.892,2.398
2121.5,40.615,22.833,7.798,2.426
2122,41.99,23.372,7.75,2.45
2122.5,42.259,22.522,7.717,2.469
2123,45.014,21.331,7.739,2.439
2123.5,48.322,20.643,7.914,2.428
2124,49.303,20.034,7.861,2.425
2124.5,49.693,20.212,7.832,2.42
2125,45.898,20.47,7.851,2.437
2125.5,44.67,20.788,7.974,2.422
2126,44.547,21.206,8.017,2.405
2126.5,44.42,21.303,7.98,2.397
2127,44.415,21.359,7.911,2.422
2127.5,44.487,20.852,7.918,2.442
2128,44.797,20.123,7.941,2.462
2128.5,45.541,19.677,7.92,2.427
2129,45.574,19.088,7.891,2.418
2129.5,46.515,18.743,7.902,2.416
2130,46.469,18.236,7.953,2.427
2130.5,47.567,17.687,7.956,2.44
2131,49.809,17.442,7.951,2.433
2131.5,50.277,17.58,7.934,2.427
2132,51.257,18.501,7.937,2.443
2132.5,51.646,19.141,7.964,2.456
2133,51.836,19.581,7.963,2.485
2133.5,51.91,20.22,7.913,2.515
2134,51.272,20.639,7.921,2.514
2134.5,51.582,21.822,7.983,2.454
2135,51.459,22,7.95,2.41
2135.5,51.453,22.318,7.841,2.419
2136,51.997,22.454,7.792,2.41
2136.5,53.371,22.048,7.791,2.389
2137,55.811,22.184,7.71,2.39
2137.5,56.319,21.959,7.693,2.389
2138,56.391,20.908,7.756,2.383
2138.5,55.872,21.206,7.875,2.372
2139,55.394,21.826,7.774,2.364
2139.5,55.545,22.305,7.705,2.396
2140,56.329,22.966,7.708,2.411
2140.5,57.506,22.62,7.859,2.41
2141,58.525,19.415,7.842,2.42
2141.5,61.517,14.841,7.825,2.42
2142,63.246,12.643,7.824,2.438
2142.5,64.936,10.224,7.802,2.466
2143,67.494,9.233,7.766,2.488
2143.5,69.698,8.928,7.78,2.475
2144,71.113,8.844,7.939,2.502
2144.5,72.999,8.899,8.014,2.511
2145,72.48,9.821,8.017,2.48
2145.5,66.951,10.884,8.016,2.478
2146,60.199,12.088,8.015,2.484
2146.5,58.932,13.332,8.022,2.475
2147,57.821,14.918,7.989,2.433
2147.5,55.448,17.752,7.976,2.408
2148,53.668,18.594,7.995,2.389
2148.5,52.635,18.852,7.946,2.388
2149,52.629,18.827,7.929,2.393
2149.5,54.477,18.199,7.976,2.391
2150,55.694,17.552,7.987,2.422
2150.5,55.767,17.205,7.986,2.427
2151,55.405,16.94,7.945,2.415
2151.5,55.28,16.855,7.96,2.424
2152,55.274,16.851,7.983,2.43
2152.5,55.231,16.847,7.949,2.442
2153,54.868,16.883,7.965,2.415
2153.5,54.823,16.899,8.007,2.384
2154,54.303,16.895,8.011,2.374
2154.5,53.706,16.912,8.021,2.387
2155,53.268,17.229,8.02,2.393
2155.5,52.866,17.386,7.963,2.402
2156,52.466,17.543,7.958,2.408
2156.5,51.906,17.418,8.009,2.416
2157,52.059,17.434,8.02,2.441
2157.5,52.606,17.391,8.007,2.461
2158,52.322,17.848,7.99,2.461
2158.5,51.49,18.207,8.005,2.438
2159,50.495,18.364,7.996,2.447
2159.5,50.411,18.984,7.983,2.43
2160,49.97,19,8.042,2.405
2160.5,48.19,18.856,8.081,2.414
2161,46.488,18.911,8.096,2.428
2161.5,46.483,18.767,8.039,2.435
2162,47.816,18.601,8.038,2.432
2162.5,48.561,18.296,8.045,2.426
2163,49.5,17.849,8.071,2.429
2163.5,49.81,17.523,8.051,2.431
2164,50.435,17.258,8.029,2.42
2164.5,50.35,17.011,8.065,2.42
2165,50.385,16.967,8.067,2.426
2165.5,51.245,16.963,8.106,2.427
2166,52.107,16.959,8.073,2.43
2166.5,52.022,17.137,8.048,2.425
2167,51.779,17.716,8.191,2.421
2167.5,50.985,18.638,8.174,2.429
2168,48.413,19.781,8.005,2.413
2168.5,46.752,20.904,7.952,2.398
2169,46.232,21.585,7.931,2.414
2169.5,45.279,22.506,8.038,2.425
2170,43.498,23.328,8.049,2.42
2170.5,41.678,25.236,7.952,2.415
2171,40.765,27.325,7.803,2.402
2171.5,40.008,28.671,7.802,2.394
2172,39.648,29.311,7.721,2.41
2172.5,38.497,29.729,7.644,2.424
2173,37.664,29.746,7.623,2.422
2173.5,37.183,29.319,7.662,2.406
2174,37.178,28.77,7.704,2.403
2174.5,37.172,28.344,7.704,2.366
2175,37.954,28.28,7.802,2.357
2175.5,39.171,28.577,7.877,2.364
2176,41.058,29.318,7.764,2.366
2176.5,43.499,29.072,7.899,2.344
2177,46.805,23.835,8.018,2.347
2177.5,49.088,20.228,8.017,2.343
2178,50.463,13.964,7.972,2.319
2178.5,54.716,10.558,7.963,2.31
2179,60.075,8.018,7.974,2.341
2179.5,63.738,6.484,7.925,2.386
2180,68.071,5.575,7.72,2.397
2180.5,77.532,4.926,7.839,2.396
2181,85.377,4.459,7.958,2.429
2181.5,93.655,4.214,8.125,2.466
2182,95.82,4.11,8.224,2.455
2182.5,95.379,4.044,8.111,2.419
2183,94.071,4.061,7.994,2.452
2183.5,92.33,4.44,8.2,2.472
2184,90.074,5.16,8.251,2.465
2184.5,85.492,6.141,8.118,2.472
2185,83.001,7.043,7.945,2.455
2185.5,80.036,7.784,7.864,2.494
2186,78.137,8.525,7.995,2.542
2186.5,73.554,9.005,8.014,2.514
2187,70.55,9.363,7.945,2.489
2187.5,69.164,9.843,8.192,2.489
2188,69.355,10.421,8.143,2.49
2188.5,71.479,10.8,7.982,2.484
2189,73.603,11.239,7.909,2.464
2189.5,74.268,11.638,8.036,2.481
2190,74.341,12.338,8.087,2.474
2190.5,70.863,13.239,8.07,2.488
2191,67.149,13.639,8.113,2.485
2191.5,64.421,14.499,8.004,2.474
2192,58.892,15.904,7.831,2.445
2192.5,54.271,17.108,7.95,2.42
2193,52.49,18.03,8.037,2.393
2193.5,51.537,18.408,7.94,2.404
2194,51.374,18.304,7.862,2.415
2194.5,50.972,18.28,7.997,2.394
2195,49.861,19.443,7.912,2.383
2195.5,47.883,21.109,7.895,2.356
2196,45.233,22.776,7.906,2.336
2196.5,42.399,23.859,8.005,2.35
2197,41.395,23.997,7.98,2.351
2197.5,42.512,23.569,7.879,2.342
2198,43.83,22.176,7.858,2.349
2198.5,45.067,21.489,7.973,2.347
2199,46.464,21.042,7.888,2.369
2199.5,46.701,20.916,7.875,2.394
2200,46.738,20.973,7.994,2.369
2200.5,46.414,21.17,7.977,2.343
2201,46.011,21.79,7.996,2.376
2201.5,46.087,23.356,7.927,2.387
2202,47.444,25.505,7.69,2.383
2202.5,48.962,26.066,7.825,2.385
2203,50.239,25.537,7.944,2.385
2203.5,52.796,23.943,7.955,2.382
2204,53.554,17.84,7.958,2.38
2204.5,54.03,13.126,8.028,2.378
2205,55.147,10.968,8.039,2.389
2205.5,57.384,9.112,7.982,2.369
2206,59.782,8.002,7.957,2.385
2206.5,68.302,7.334,8.04,2.418
2207,72.22,6.565,8.031,2.458
2207.5,74.538,5.957,8.158,2.494
2208,76.536,5.933,8.157,2.504
2208.5,76.532,6.654,8.048,2.524
2209,73.727,7.857,8.059,2.499
2209.5,68.322,9.362,8.226,2.46
2210,64.877,11.492,8.097,2.461
2210.5,62.673,12.877,7.976,2.47
2211,58.108,17.462,7.983,2.46
2211.5,53.262,21.463,7.974,2.42
2212,51.819,23.312,7.865,2.393
2212.5,51.175,24.414,7.82,2.386
2213,51.053,24.753,7.911,2.391
2213.5,51.809,23.944,7.854,2.395
2214,52.206,22.652,7.884,2.41
2214.5,53.163,22.768,7.967,2.406
2215,53.44,21.596,7.959,2.421
2215.5,54.037,21.25,7.913,2.414
2216,54.433,21.086,7.92,2.401
2216.5,54.23,21.063,7.943,2.406
2217,52.386,20.594,7.954,2.418
2217.5,50.542,20.51,7.957,2.395
2218,48.777,20.506,7.964,2.37
2218.5,47.613,20.764,7.931,2.369
2219,47.29,21.383,7.946,2.388
2219.5,47.287,21.762,7.969,2.41
2220,47.884,22.041,7.928,2.435
2220.5,48.241,22.297,7.911,2.416
2221,49.278,22.314,7.91,2.402
2221.5,49.875,22.25,7.925,2.414
2222,50.151,21.882,7.924,2.446
2222.5,50.028,21.637,7.931,2.469
2223,49.264,21.171,7.922,2.46
2223.5,49.381,21.347,7.881,2.457
2224,49.017,21.625,7.928,2.464
2224.5,48.254,21.802,7.894,2.453
2225,47.091,21.98,7.81,2.432
2225.5,46.366,22.216,7.816,2.431
2226,46.564,22.314,7.919,2.418
2226.5,47.04,22.572,7.882,2.408
2227,47.517,22.688,7.789,2.429
2227.5,48.194,22.604,7.812,2.445
2228,48.27,22.661,7.779,2.425
2228.5,48.268,22.816,7.698,2.396
2229,48.704,22.813,7.781,2.407
2229.5,50.421,22.829,7.924,2.428
2230,51.218,23.207,7.887,2.419
2230.5,50.094,23.606,7.818,2.42
2231,49.731,24.005,7.965,2.389
2231.5,48.927,23.577,8.076,2.39
2232,48.644,22.466,7.883,2.436
2232.5,49.241,21.456,7.846,2.44
2233,51.718,20.552,7.833,2.45
2233.5,54.316,18.438,8.06,2.489
2234,56.033,18.24,8.075,2.531
2234.5,57.071,18.694,8.034,2.521
2235,58.308,19.068,7.989,2.495
2235.5,60.344,19.127,8.035,2.507
2236,61.822,19.206,8.022,2.54
2236.5,61.098,20.114,7.977,2.555
2237,57.213,21.022,8.048,2.455
2237.5,54.409,21.812,7.987,2.418
2238,48.843,21.337,7.774,2.411
2238.5,48.32,20.033,7.725,2.404
2239,47.236,18.353,7.828,2.398
2239.5,46.913,17.74,7.931,2.402
2240,47.429,17.483,7.894,2.407
2240.5,48.747,18.154,7.985,2.422
2241,51.505,18.806,7.952,2.439
2241.5,53.022,19.576,7.871,2.459
2242,52.778,20.425,7.802,2.466
2242.5,49.654,21.234,7.841,2.451
2243,45.369,25.283,7.972,2.442
2243.5,40.643,30.301,7.95,2.459
2244,37.519,49.522,7.961,2.481
2244.5,35.875,57.285,7.941,2.51
2245,35.391,58.253,7.912,2.537
2245.5,36.308,56.336,7.915,2.555
2246,39.026,34.052,7.966,2.541
2246.5,41.664,25.28,7.968,2.542
2247,46.942,14.276,7.955,2.551
2247.5,55.462,10.66,7.967,2.557
2248,64.023,7.933,8.025,2.562
2248.5,76.624,5.701,8.036,2.553
2249,91.586,5.7,7.999,2.534
2249.5,95.865,4.988,7.994,2.534
2250,98.903,4.336,8.009,2.541
2250.5,99.3,4.059,7.984,2.537
2251,98.576,3.999,7.983,2.53
2251.5,96.972,3.979,8.07,2.52
2252,95.769,4.354,8.077,2.54
2252.5,93.965,4.887,8.06,2.565
2253,92.241,5.518,7.979,2.51
2253.5,88.755,6.012,7.914,2.505
2254,78.988,7.039,7.837,2.492
2254.5,74.543,8.046,7.832,2.504
2255,70.018,9.448,7.898,2.498
2255.5,65.613,11.126,7.954,2.503
2256,60.207,12.311,7.981,2.506
2256.5,56.963,13.674,7.988,2.497
2257,56.4,13.95,7.994,2.506
2257.5,56.836,13.949,7.993,2.515
2258,57.473,13.672,8.02,2.512
2258.5,58.87,12.981,8.063,2.509
2259,60.067,11.538,8.066,2.502
2259.5,60.745,10.431,8.021,2.496
2260,61.061,10.016,8.152,2.511
2260.5,61.058,10.075,8.415,2.541
2261,61.375,10.489,8.35,2.546
2261.5,61.612,10.923,8.229,2.548
2262,60.408,11.515,8.112,2.549
2262.5,58.724,12.127,8.063,2.549
2263,55.078,13.075,8.138,2.532
2263.5,51.313,15.879,8.209,2.502
2264,47.189,17.835,8.168,2.474
2264.5,45.064,20.086,8.143,2.453
2265,42.34,20.481,8.261,2.443
2265.5,41.417,19.927,8.233,2.454
2266,40.532,19.67,8.139,2.47
2266.5,39.969,18.84,8.082,2.468
2267,39.885,18.326,8.065,2.462
2267.5,40.683,18.088,8.072,2.453
2268,41.319,18.048,8.115,2.438
2268.5,41.557,18.028,8.21,2.43
2269,40.272,18.067,8.249,2.455
2269.5,39.108,18.422,8.228,2.461
2270,38.906,18.797,8.159,2.461
2270.5,39.542,19.033,8.09,2.468
2271,40.739,19.27,8.085,2.45
2271.5,41.216,19.289,8.152,2.436
2272,41.454,19.289,8.275,2.45
2272.5,42.29,19.308,8.286,2.456
2273,43.607,19.426,8.169,2.454
2273.5,45.885,19.485,8.076,2.451
2274,48.122,19.247,8.099,2.471
2274.5,48.959,18.18,8.166,2.486
2275,51.317,15.572,8.092,2.491
2275.5,54.395,13.339,8.228,2.48
2276,61.314,9.712,8.159,2.514
2276.5,67.753,8.823,8.129,2.54
2277,74.392,7.994,8.301,2.557
2277.5,80.711,7.387,8.263,2.546
2278,84.75,6.617,8.15,2.537
2278.5,87.347,6.17,8.029,2.551
2279,88.664,6.126,7.916,2.532
2279.5,88.822,6.082,8.035,2.541
2280,88.898,6.078,8.014,2.566
2280.5,88.214,6.074,7.893,2.543
2281,88.012,6.151,7.996,2.542
2281.5,87.807,6.328,7.951,2.542
2282,86.084,6.465,7.814,2.543
2282.5,85.04,7.125,7.997,2.58
2283,85.396,7.182,8.072,2.604
2283.5,87.714,6.754,8.123,2.597
2284,89.992,6.408,7.99,2.578
2284.5,90.588,6.122,7.885,2.57
2285,91.825,5.877,8.136,2.554
2285.5,93.423,5.59,8.351,2.553
2286,97.582,5.526,8.261,2.544
2286.5,97.738,5.522,8.077,2.518
2287,98.095,5.619,7.859,2.531
2287.5,98.291,6.037,8.07,2.568
2288,98.169,6.416,8.069,2.59
2288.5,96.884,7.137,7.956,2.597
2289,95.08,7.616,7.959,2.598
2289.5,92.436,8.235,8.018,2.587
2290,90.392,8.352,8.005,2.589
2290.5,88.188,7.925,7.972,2.613
2291,86.303,7.68,7.999,2.606
2291.5,85.5,7.434,8.042,2.597
2292,84.576,7.31,8.045,2.586
2292.5,84.092,7.407,8.044,2.572
2293,84.69,8.026,8.031,2.573
2293.5,85.886,8.324,8.014,2.587
2294,86.123,8.34,8.021,2.595
2294.5,84.519,8.175,8.052,2.606
2295,81.314,7.989,8.139,2.592
2295.5,79.55,7.925,8.005,2.586
2296,73.745,7.902,7.981,2.599
2296.5,75.022,7.535,7.996,2.619
2297,79.66,6.866,8.174,2.609
2297.5,81.658,6.158,8.193,2.586
2298,82.455,5.772,8.064,2.61
2298.5,81.891,6.009,7.955,2.63
2299,79.367,6.207,8.018,2.615
2299.5,78.003,6.344,7.973,2.59
2300,76.799,6.6,7.912,2.581
2300.5,75.635,6.717,8.023,2.579
2301,74.951,6.835,8.03,2.587
2301.5,74.788,7.032,7.977,2.585
2302,74.545,7.069,7.896,2.577
2302.5,76.062,7.285,7.959,2.565
2303,77.819,7.985,7.994,2.554
2303.5,78.657,8.385,7.905,2.552
2304,78.853,9.286,7.912,2.562
2304.5,76.689,9.987,7.859,2.56
2305,72.764,12.116,7.878,2.554
2305.5,65.278,13.903,7.981,2.534
2306,62.673,15.068,7.984,2.51
2306.5,59.229,15.948,7.958,2.505
2307,58.586,16.227,7.97,2.492
2307.5,57.701,16.284,7.989,2.484
2308,57.258,16.278,7.979,2.487
2308.5,57.175,16.275,7.955,2.497
2309,58.892,16.493,7.937,2.497
2309.5,60.089,17.092,7.976,2.514
2310,60.287,18.054,7.923,2.523
2310.5,59.762,18.755,7.822,2.54
2311,58.519,19.476,7.929,2.557
2311.5,57.434,20.136,7.964,2.517
2312,57.192,20.796,7.947,2.495
2312.5,56.867,21.496,7.95,2.504
2313,56.385,22.399,7.993,2.514
2313.5,55.62,22.917,7.9,2.49
2314,55.257,23.497,7.931,2.472
2314.5,55.373,24.218,7.998,2.46
2315,53.73,25.18,7.917,2.427
2315.5,51.205,26.323,7.908,2.405
2316,48.561,26.983,7.839,2.42
2316.5,48.438,27.442,7.782,2.443
2317,48.714,27.64,7.732,2.46
2317.5,48.872,24.898,7.835,2.479
2318,48.188,20.485,7.878,2.457
2318.5,48.265,17.281,7.746,2.474
2319,49.182,11.439,7.888,2.511
2319.5,51.539,10.167,7.995,2.566
2320,52.856,8.271,7.954,2.618
2320.5,54.133,8.672,8.037,2.639
2321,58.491,8.355,8.112,2.622
2321.5,62.049,8.197,8.071,2.618
2322,64.527,8.038,8.098,2.585
2322.5,69.045,7.741,8.097,2.55
2323,69.923,8.235,8.052,2.54
2323.5,68.518,9.36,7.959,2.551
2324,65.193,10.762,7.99,2.545
2324.5,59.548,12.481,8.017,2.539
2325,58.425,12.954,7.996,2.52
2325.5,60.102,13.25,8.039,2.5
2326,62.259,14.277,7.982,2.481
2326.5,64.336,15.007,8.024,2.486
2327,66.094,15.916,7.984,2.488
2327.5,67.931,16.508,7.971,2.494
2328,70.009,17.515,7.993,2.506
2328.5,68.245,18.522,7.916,2.5
2329,63.679,18.719,7.851,2.486
2329.5,60.795,17.908,8.002,2.457
2330,59.231,16.703,7.941,2.428
2330.5,59.268,15.102,7.784,2.401
2331,62.026,14.568,7.963,2.442
2331.5,64.823,14.41,8.026,2.533
2332,66.621,14.054,7.993,2.586
2332.5,68.859,13.974,8.032,2.581
2333,68.454,15.653,7.991,2.573
2333.5,65.53,18.576,7.958,2.563
2334,60.045,22.625,7.885,2.528
2334.5,56.36,28.393,8.024,2.475
2335,54.196,40.424,7.919,2.442
2335.5,52.111,45.658,7.758,2.444
2336,50.507,46.112,7.865,2.431
2336.5,50.304,44.61,8,2.425
2337,50.34,42.2,7.915,2.404
2337.5,50.698,38.999,7.801,2.4
2338,50.254,38.109,7.961,2.418
2338.5,49.891,37.338,7.935,2.423
2339,48.406,37.298,7.806,2.418
2339.5,47.163,37.436,7.833,2.405
2340,45.118,37.238,7.8,2.398
2340.5,43.475,37.238,7.759,2.416
2341,41.391,37.928,7.706,2.419
2341.5,40.987,38.955,7.701,2.4
2342,40.664,40.693,7.884,2.402
2342.5,40.26,43.873,8.027,2.421
2343,40.017,45.769,7.986,2.463
2343.5,38.013,48.851,7.865,2.514
2344,36.769,55.152,7.744,2.565
2344.5,36.285,47.063,7.823,2.603
2345,36.162,44.246,8.006,2.642
2345.5,37.919,32.709,8.157,2.679
2346,39.276,23.423,8.092,2.706
2346.5,42.394,18.227,8.011,2.677
2347,46.112,15.975,8.086,2.65
2347.5,49.27,14.888,8.02,2.636
2348,52.348,14.255,7.968,2.608
2348.5,54.425,13.168,8.03,2.58
2349,55.623,11.962,8.033,2.594
2349.5,55.219,11.666,8.013,2.63
2350,51.854,13.068,7.947,2.648
2350.5,50.25,13.66,7.994,2.663
2351,48.126,14.035,7.989,2.651
2351.5,48.363,14.331,8.024,2.664
2352,49.36,14.271,8.035,2.63
2352.5,49.957,13.144,8.018,2.629
2353,50.834,11.959,8.013,2.642
2353.5,53.831,11.01,8.072,2.627
2354,57.109,9.449,8.071,2.609
2354.5,59.467,8.796,8.034,2.604
2355,61.104,8.46,8.013,2.595
2355.5,62.582,7.985,8.028,2.573
2356,64.099,7.807,8.059,2.56
2356.5,63.696,7.728,8.062,2.567
2357,62.532,7.767,8.008,2.569
2357.5,61.808,7.944,7.98,2.576
2358,61.685,8.082,7.979,2.579
2358.5,61.722,8.239,8.026,2.58
2359,62.518,8.357,8.06,2.584
2359.5,63.236,8.436,8.059,2.573
2360,64.152,8.514,8.039,2.565
2360.5,64.669,8.573,8.037,2.584
2361,65.227,8.75,8.064,2.6
2361.5,64.213,8.987,8.003,2.589
2362,62.155,9.836,7.922,2.571
2362.5,59.862,11.534,8.009,2.563
2363,58.515,12.324,8.016,2.562
2363.5,56.654,13.311,7.991,2.569
2364,54.675,14.792,7.99,2.596
2364.5,52.303,16.194,8.037,2.604
2365,50.088,17.814,8.068,2.6
2365.5,48.148,19.038,8.043,2.613
2366,48.104,19.532,8.034,2.611
2366.5,47.82,20.341,8.077,2.63
2367,46.118,21.19,8.048,2.642
2367.5,45.443,22.395,8.003,2.63
2368,45.041,24.212,8.014,2.615
2368.5,44.681,25.712,8.033,2.606
2369,44.203,26.344,8.035,2.591
2369.5,43.091,26.62,7.995,2.603
2370,41.23,26.778,7.877,2.615
2370.5,39.488,27.034,7.848,2.637
2371,38.734,27.33,7.959,2.642
2371.5,40.266,27.725,8.054,2.646
2372,42.665,27.843,8.121,2.612
2372.5,43.763,26.894,8.044,2.581
2373,43.955,24.78,7.931,2.571
2373.5,44.148,23.693,7.842,2.541
2374,44.456,23.672,7.749,2.533
2374.5,44.806,23.435,8.036,2.555
2375,45.076,22.842,7.735,2.576
2375.5,45.7,22.782,7.902,2.541
2376,46.208,23.157,8.041,2.506
2376.5,45.727,24.203,8.12,2.491
2377,45.249,25.151,7.903,2.482
2377.5,44.57,25.526,7.714,2.478
2378,43.777,26.73,7.669,2.487
2378.5,41.442,29.041,7.683,2.509
2379,39.702,32.122,7.859,2.548
2379.5,37.801,37.653,7.833,2.607
2380,37.441,42.414,7.796,2.64
2380.5,37.554,45.475,8.027,2.633
2381,38.454,54.879,8.014,2.629
2381.5,39.237,56.81,7.937,2.632
2382,40.374,56.202,7.944,2.627
2382.5,41.039,54.871,8.043,2.635
2383,41.666,47.231,7.922,2.644
2383.5,42.723,36.879,7.997,2.656
2384,43.979,26.823,8.072,2.649
2384.5,46.892,21.094,7.991,2.643
2385,51.462,18.071,8.058,2.616
2385.5,55.164,16.51,8.089,2.6
2386,58.551,14.79,7.928,2.579
2386.5,65.922,13.15,7.971,2.538
2387,67.218,12.103,7.922,2.567
2387.5,65.948,11.668,7.981,2.582
2388,59.473,11.885,8.031,2.576
2388.5,56.43,12.398,7.914,2.563
2389,54.965,13.069,7.893,2.558
2389.5,54.999,13.74,8.012,2.547
2390,55.267,14.47,7.951,2.551
2390.5,55.144,15.379,8.011,2.546
2391,54.743,16.247,8.041,2.522
2391.5,54.54,17.175,8.012,2.5
2392,54.416,18.775,8.015,2.49
2392.5,54.332,19.901,8.078,2.469
2393,54.521,20.513,8.085,2.455
2393.5,55.424,20.966,7.988,2.459
2394,57.428,20.492,7.859,2.476
2394.5,58.803,19.385,7.762,2.476
2395,60.69,17.251,7.841,2.463
2395.5,62.106,15.472,7.804,2.465
2396,63.44,14.326,7.699,2.485
2396.5,64.538,13.2,7.67,2.496
2397,65.085,12.587,7.705,2.511
2397.5,64.881,12.211,7.892,2.539
2398,64.637,11.776,8.023,2.578
2398.5,65.106,11.538,8.241,2.575
2399,66.047,11.419,8.132,2.546
2399.5,66.986,11.399,8.056,2.533
2400,67.337,11.28,8.062,2.524
2400.5,69.144,10.568,7.957,2.515
2401,71.466,10.094,7.924,2.514
2401.5,73.236,9.619,7.983,2.528
2402,75.28,9.441,7.93,2.551
2402.5,77.364,9.184,7.957,2.547
2403,79.646,9.242,8.06,2.565
2403.5,84.216,9.558,7.975,2.571
2404,86.46,10.762,7.85,2.593
2404.5,86.966,11.71,7.961,2.6
2405,85.185,12.579,7.972,2.624
2405.5,79.3,13.724,7.927,2.645
2406,72.746,14.81,7.866,2.635
2406.5,67.059,16.785,8.013,2.622
2407,64.293,18.503,7.884,2.617
2407.5,63.379,19.372,7.898,2.623
2408,63.413,20.024,7.974,2.637
2408.5,62.381,19.391,7.889,2.625
2409,60.875,18.166,8.011,2.594
2409.5,59.686,17.553,8.039,2.579
2410,58.496,17.355,7.933,2.574
2410.5,57.466,17.176,7.997,2.588
2411,56.117,17.709,7.947,2.601
2411.5,56.348,17.906,8.07,2.608
2412,57.133,17.965,7.913,2.597
2412.5,58.427,17.352,7.976,2.609
2413,60.078,16.285,8.019,2.607
2413.5,61.807,15.652,7.906,2.602
2414,63.537,14.901,7.949,2.583
2414.5,65.266,13.794,7.988,2.591
2415,66.996,13.379,7.919,2.595
2415.5,69.83,12.746,7.934,2.583
2416,71.639,12.074,8.041,2.57
2416.5,73.368,11.639,8.112,2.561
2417,74.113,11.244,8.039,2.564
2417.5,73.908,10.868,7.974,2.578
2418,73.903,10.61,8.036,2.576
2418.5,75.12,10.452,8.06,2.581
2419,76.495,10.372,7.966,2.58
2419.5,76.685,10.372,7.954,2.566
2420,76.443,10.431,7.993,2.598
2420.5,75.293,10.509,7.987,2.621
2421,72.683,10.686,7.954,2.61
2421.5,71.375,10.883,8.001,2.587
2422,70.739,11.061,7.876,2.56
2422.5,70.536,11.1,7.939,2.549
2423,70.608,11.468,8.022,2.557
2423.5,71.785,11.604,7.949,2.579
2424,72.292,11.6,7.972,2.578
2424.5,72.642,11.536,7.947,2.572
2425,73.581,11.392,7.958,2.581
2425.5,74.286,11.207,7.989,2.586
2426,74.318,10.719,7.924,2.586
2426.5,73.918,10.474,7.947,2.578
2427,73.716,10.368,7.878,2.572
2427.5,74.852,10.224,7.961,2.582
2428,75.715,10.139,7.948,2.595
2428.5,76.615,10.136,7.891,2.607
2429,76.294,10.172,7.97,2.618
2429.5,75.895,10.188,7.904,2.625
2430,74.822,10.507,7.96,2.602
2430.5,72.647,11.166,8.079,2.596
2431,70.313,11.645,8.013,2.575
2431.5,69.281,12.044,7.928,2.575
2432,68.802,12.282,8.019,2.551
2432.5,68.442,12.278,8.026,2.542
2433,68.237,12.274,7.949,2.532
2433.5,69.02,12.23,8.016,2.551
2434,70.356,12.224,7.867,2.561
2434.5,70.903,12.382,8.006,2.553
2435,71.605,12.741,7.997,2.547
2435.5,71.955,13.4,7.868,2.562
2436,70.449,13.819,8.015,2.588
2436.5,68.076,14.158,7.93,2.564
2437,65.902,14.495,7.933,2.555
2437.5,63.606,14.572,8.036,2.569
2438,62.456,14.589,7.967,2.604
2438.5,62.569,14.342,7.93,2.627
2439,62.642,13.976,8.017,2.642
2439.5,63.189,13.329,7.939,2.629
2440,64.405,12.84,8.026,2.591
2440.5,66.134,12.716,8.158,2.556
2441,67.114,12.793,8.068,2.537
2441.5,66.556,13.553,7.999,2.548
2442,66.55,13.972,7.927,2.537
2442.5,66.545,14.371,8.037,2.533
2443,65.315,14.608,8.004,2.544
2443.5,64.679,14.806,7.955,2.558
2444,63.529,14.963,8.042,2.58
2444.5,62.377,15.141,8.053,2.6
2445,62.096,14.914,7.952,2.596
2445.5,63.233,14.286,8.031,2.586
2446,62.951,13.859,8.054,2.585
2446.5,62.473,13.291,7.953,2.586
2447,62.073,12.682,7.964,2.58
2447.5,61.671,12.589,7.975,2.567
2448,61.311,12.629,7.89,2.563
2448.5,60.238,12.895,8.021,2.564
2449,59.489,12.975,7.995,2.555
2449.5,58.541,12.887,7.935,2.54
2450,58.424,12.853,8.009,2.514
2450.5,58.628,12.836,7.989,2.513
2451,58.672,12.738,7.903,2.531
2451.5,58.598,12.6,7.958,2.545
2452,58.681,12.522,7.989,2.541
2452.5,59.082,12.444,7.956,2.529
2453,59.404,12.385,7.987,2.514
2453.5,59.091,12.307,8.006,2.517
2454,58.976,12.209,8.025,2.52
2454.5,59.696,12.11,8.012,2.519
2455,59.976,12.032,7.979,2.514
2455.5,60.774,11.955,7.958,2.52
2456,61.057,11.956,8.021,2.523
2456.5,60.9,12.019,8.024,2.524
2457,60.59,12.062,7.971,2.526
2457.5,61.308,12.063,7.918,2.512
2458,61.946,12.066,7.953,2.508
2458.5,61.991,12.068,8.004,2.523
2459,61.797,12.07,7.979,2.504
2459.5,62.157,12.072,7.957,2.484
2460,62.798,12.074,8.021,2.493
2460.5,62.565,12.056,8.068,2.507
2461,63.124,12.038,7.998,2.504
2461.5,63.683,12.02,7.929,2.492
2462,64.72,11.922,7.956,2.509
2462.5,65.359,11.864,8.039,2.516
2463,65.878,11.846,7.97,2.512
2463.5,66.518,11.828,7.901,2.519
2464,67.276,11.83,7.928,2.519
2464.5,67.876,11.832,7.995,2.53
2465,67.443,11.834,7.974,2.541
2465.5,66.298,11.817,7.957,2.525
2466,65.548,11.819,8.044,2.523
2466.5,64.998,11.58,7.971,2.534
2467,64.761,11.582,7.906,2.533
2467.5,63.38,11.785,7.985,2.529
2468,62.669,11.948,7.972,2.544
2468.5,63.151,12.09,8.035,2.558
2469,63.909,12.153,8.014,2.554
2469.5,64.508,12.155,7.957,2.545
2470,65.146,12.338,7.868,2.533
2470.5,67.929,12.38,7.938,2.538
2471,69.123,12.402,7.913,2.547
2471.5,69.602,12.063,8.052,2.554
2472,69.608,11.825,8.095,2.565
2472.5,69.413,11.766,8.006,2.558
2473,69.3,11.768,7.877,2.555
2473.5,70.296,12.051,7.872,2.543
2474,70.815,12.254,8.007,2.544
2474.5,70.821,12.317,7.974,2.566
2475,70.309,12.319,7.945,2.589
2475.5,69.163,12.34,7.96,2.596
2476,67.898,12.342,7.959,2.581
2476.5,66.157,12.346,7.862,2.579
2477,66.399,12.327,7.885,2.57
2477.5,67.555,12.068,7.96,2.555
2478,69.224,11.449,7.911,2.531
2478.5,69.545,11.149,7.858,2.529
2479,69.313,10.991,7.937,2.548
2479.5,68.445,10.972,7.924,2.562
2480,67.614,11.136,7.903,2.567
2480.5,67.938,11.359,7.961,2.576
2481,67.189,11.401,7.925,2.562
2481.5,67.628,11.423,7.892,2.567
2482,67.634,11.425,7.906,2.569
2482.5,67.796,11.427,7.825,2.554
2483,67.959,11.43,7.948,2.546
2483.5,68.242,11.432,7.891,2.549
2484,67.293,11.072,7.758,2.552
2484.5,66.307,10.974,7.813,2.564
2485,66.152,10.977,7.98,2.578
2485.5,66.991,10.978,8.107,2.567
2486,68.185,11.001,7.914,2.519
2486.5,68.346,11.023,7.877,2.528
2487,67.042,11.045,7.876,2.54
2487.5,65.738,11.047,7.719,2.514
2488,65.544,11.069,7.99,2.506
2488.5,66.144,11.071,7.925,2.51
2489,67.377,11.094,7.856,2.524
2489.5,67.779,11.096,7.979,2.541
2490,67.704,11.078,7.926,2.544
2490.5,66.083,11.08,7.92,2.528
2491,65.333,11.103,7.947,2.55
2491.5,65.337,11.165,7.886,2.576
2492,66.017,11.428,7.858,2.554
2492.5,66.061,11.631,7.908,2.541
2493,65.192,11.633,7.843,2.558
2493.5,64.285,11.675,7.89,2.557
2494,64.248,11.777,7.933,2.541
2494.5,65.165,11.819,7.9,2.529
2495,64.932,11.923,7.959,2.537
2495.5,64.221,11.944,7.934,2.551
2496,61.569,11.706,7.897,2.547
2496.5,61.693,11.587,7.792,2.531
2497,62.054,11.51,8.163,2.515
2497.5,61.938,11.511,8.114,2.524
2498,61.507,11.493,8.029,2.534
2498.5,63.584,11.455,7.9,2.546
2499,64.821,11.518,7.779,2.555
2499.5,66.138,11.641,7.914,2.55
2500,66.936,11.723,7.953,2.525
2500.5,67.812,11.785,7.888,2.529
2501,68.969,11.807,8.031,2.543
2501.5,69.807,11.81,7.941,2.536
2502,70.123,11.752,7.828,2.541
2502.5,70.441,11.613,7.979,2.565
2503,71.517,11.495,8.01,2.57
2503.5,73.234,11.196,7.953,2.584
2504,74.711,11.017,7.936,2.569
2504.5,74.669,10.739,7.991,2.567
2505,72.944,10.6,7.994,2.567
2505.5,71.34,10.462,7.905,2.557
2506,69.737,10.444,7.972,2.562
2506.5,67.933,10.526,8.015,2.578
2507,65.768,10.809,7.954,2.595
2507.5,63.203,11.474,7.833,2.588
2508,61.48,11.857,7.756,2.568
2508.5,59.355,12.522,7.923,2.568
2509,58.112,13.407,7.918,2.582
2509.5,56.868,14.514,7.989,2.563
2510,55.624,15.62,7.892,2.545
2510.5,54.54,16.706,7.722,2.533
2511,53.536,17.711,7.837,2.524
2511.5,53.093,18.757,7.969,2.515
2512,52.569,19.06,8.007,2.504
2512.5,52.766,19.906,7.939,2.488
2513,53.843,20.931,7.993,2.472
2513.5,53.88,21.877,7.944,2.458
2514,52.636,22.601,7.843,2.445
2514.5,52.592,23.246,7.954,2.437
2515,52.67,23.469,7.949,2.433
2515.5,52.587,23.491,7.868,2.44
2516,52.422,23.052,7.831,2.449
2516.5,52.94,22.793,7.93,2.461
2517,53.576,22.393,7.941,2.473
2517.5,53.493,21.412,7.844,2.471
2518,53.209,20.511,7.947,2.457
2518.5,53.566,19.128,7.95,2.462
2519,54.203,18.187,7.741,2.454
2519.5,55.32,17.527,7.86,2.439
2520,56.237,16.445,7.994,2.452
2520.5,57.434,15.424,7.942,2.462
2521,57.671,14.322,7.821,2.476
2521.5,58.148,13.661,7.991,2.481
2522,58.865,13.021,7.999,2.47
2522.5,58.901,12.702,7.926,2.464
2523,58.898,12.423,7.98,2.482
2523.5,59.895,12.064,7.947,2.504
2524,62.173,11.906,7.898,2.529
2524.5,63.77,11.727,7.985,2.553
2525,64.407,11.508,7.956,2.572
2525.5,65.484,11.33,7.963,2.587
2526,66.121,11.191,7.986,2.576
2526.5,65.597,11.193,7.877,2.563
2527,63.914,11.437,7.972,2.578
2527.5,62.31,11.499,8.075,2.591
2528,61.266,11.06,7.962,2.564
2528.5,60.982,10.941,7.997,2.541
2529,61.219,10.863,7.992,2.526
2529.5,60.936,10.785,7.871,2.509
2530,61.132,10.767,7.85,2.52
2530.5,63.61,10.729,7.989,2.518
2531,64.646,10.731,7.948,2.497
2531.5,64.884,10.773,7.962,2.509
2532,65.161,11.277,7.978,2.517
2532.5,65.237,11.661,7.844,2.533
2533,64.914,11.924,7.939,2.55
2533.5,64.431,12.327,7.918,2.551
2534,63.546,12.952,7.873,2.531
2534.5,62.783,14.018,7.916,2.518
2535,60.658,15.004,7.907,2.519
2535.5,59.055,15.889,7.838,2.521
2536,57.45,16.714,7.769,2.497
2536.5,56.166,17.439,7.76,2.484
2537,54.923,18.404,7.879,2.5
2537.5,53.839,19.028,7.81,2.483
2538,52.595,19.673,7.801,2.488
2538.5,50.471,20.096,7.888,2.478
2539,49.227,20.419,7.783,2.467
2539.5,48.383,20.884,7.894,2.494
2540,48.18,21.227,7.889,2.48
2540.5,47.696,21.832,7.884,2.475
2541,47.453,22.536,7.887,2.485
2541.5,47.81,23.983,7.857,2.471
2542,47.807,24.869,7.809,2.426
2542.5,48.083,26.437,7.843,2.398
2543,48.08,27.242,7.91,2.407
2543.5,48.077,27.283,7.905,2.41
2544,48.113,26.804,7.948,2.422
2544.5,48.51,25.221,7.903,2.43
2545,49.827,23.316,7.906,2.427
2545.5,51.144,20.347,7.925,2.424
2546,52.942,17.941,7.868,2.423
2546.5,55.099,15.595,7.755,2.417
2547,56.856,13.71,7.738,2.45
2547.5,58.613,12.889,7.877,2.484
2548,60.331,12.209,7.88,2.536
2548.5,61.888,11.448,7.879,2.555
2549,62.646,11.149,7.915,2.563
2549.5,63.162,11.492,7.935,2.564
2550,63.039,12.438,7.874,2.547
2550.5,62.515,13.344,7.874,2.541
2551,61.872,14.249,7.933,2.541
2551.5,61.028,14.652,7.92,2.549
2552,60.544,15.096,7.801,2.522
2552.5,60.261,14.677,7.812,2.503
2553,60.058,14.377,7.923,2.488
2553.5,59.894,13.998,7.779,2.478
2554,61.571,13.459,7.921,2.49
2554.5,63.849,12.176,7.853,2.524
2555,66.646,11.235,7.924,2.554
2555.5,68.244,10.354,7.94,2.563
2556,68.521,10.215,7.939,2.548
2556.5,68.477,10.057,7.919,2.555
2557,68.554,10.099,7.902,2.548
2557.5,70.271,10.342,7.886,2.565
2558,72.189,10.424,7.897,2.586
2558.5,73.786,10.447,7.912,2.585
2559,75.103,10.449,7.912,2.6
2559.5,76.18,10.37,7.903,2.605
2560,76.497,9.771,7.903,2.59
2560.5,76.293,9.652,7.922,2.584
2561,75.05,9.835,7.929,2.573
2561.5,73.206,10.48,7.917,2.567
2562,69.921,10.703,7.845,2.568
2562.5,67.636,10.826,7.936,2.548
2563,65.873,10.948,7.947,2.534
2563.5,63.308,11.251,7.931,2.536
2564,58.303,11.614,7.874,2.554
2564.5,54.939,11.978,7.886,2.549
2565,53.255,12.402,7.945,2.499
2565.5,51.611,12.504,7.9,2.413
2566,49.966,12.586,7.932,2.407
2566.5,48.362,12.569,7.971,2.409
2567,47.199,12.45,7.942,2.411
2567.5,46.075,12.252,7.918,2.408
2568,45.392,12.294,7.937,2.411
2568.5,44.427,12.296,7.965,2.429
2569,45.144,12.298,7.944,2.432
2569.5,45.261,12.301,7.971,2.44
2570,45.017,12.303,7.935,2.453
2570.5,44.734,12.284,7.919,2.474
2571,44.692,12.146,7.962,2.476
2571.5,45.007,11.727,7.957,2.481
2572,45.165,11.468,7.949,2.49
2572.5,44.201,11.51,8.008,2.498
2573,43.357,11.612,7.987,2.494
2573.5,42.954,11.776,7.883,2.472
2574,43.43,11.758,7.855,2.464
2574.5,44.267,11.7,8.021,2.482
2575,45.584,11.561,8.06,2.504
2575.5,47.742,11.624,8,2.516
2576,50.38,11.867,8.012,2.511
2576.5,51.857,11.888,8.09,2.492
2577,51.814,11.891,8.078,2.483
2577.5,51.37,11.953,8.006,2.468
2578,51.567,11.975,8.005,2.479
2578.5,50.923,11.978,7.973,2.479
2579,48.799,11.999,8.004,2.48
2579.5,47.115,12.021,8.016,2.489
2580,46.472,11.863,7.991,2.495
2580.5,46.028,11.645,7.971,2.503
2581,46.585,11.466,7.982,2.495
2581.5,46.622,11.348,7.985,2.499
2582,46.618,11.33,7.957,2.499
2582.5,46.535,11.332,8.111,2.499
2583,45.771,11.354,8.17,2.494
2583.5,44.527,11.457,8.178,2.478
2584,42.843,11.579,8.07,2.466
2584.5,40.719,11.661,8.062,2.464
2585,40.076,11.684,7.989,2.478
2585.5,40.033,11.686,7.921,2.496
2586,40.228,11.487,8.02,2.481
2586.5,40.266,11.349,8,2.47
2587,40.383,11.01,7.912,2.474
2587.5,40.699,10.852,7.967,2.492
2588,41.216,11.115,7.93,2.494
2588.5,42.052,11.177,7.965,2.48
2589,43.329,11.239,7.933,2.489
2589.5,44.486,11.242,7.964,2.522
2590,45.365,11.203,7.944,2.55
2590.5,46.601,11.105,8.043,2.554
2591,46.317,11.087,8.026,2.523
2591.5,45.113,11.049,8.034,2.489
2592,43.949,10.83,8.061,2.454
2592.5,43.066,10.592,8.013,2.444
2593,43.023,10.513,7.965,2.455
2593.5,44.22,10.396,8.063,2.459
2594,44.697,10.378,8.082,2.453
2594.5,44.734,10.28,8.011,2.447
2595,44.89,10.2,8.002,2.453
2595.5,44.967,9.983,7.914,2.473
2596,44.283,9.924,8.021,2.48
2596.5,44.08,9.906,8.02,2.479
2597,44.836,9.748,7.976,2.484
2597.5,45.514,9.47,7.999,2.475
2598,46.271,9.351,7.947,2.469
2598.5,46.907,9.434,7.95,2.472
2599,46.624,9.436,7.977,2.465
2599.5,46.06,9.598,7.981,2.456
2600,46.017,10.283,8.004,2.449
2600.5,46.214,10.405,7.976,2.444
2601,47.291,10.93,7.999,2.446
2601.5,50.168,10.952,8.01,2.458
2602,52.566,10.914,7.99,2.472
2602.5,55.724,10.213,8.001,2.481
2603,59.162,9.493,7.977,2.485
2603.5,62.08,8.451,8.036,2.505
2604,65.678,8.614,8.035,2.529
2604.5,70.356,8.455,8.011,2.54
2605,80.077,7.936,7.991,2.547
2605.5,89.997,7.577,8.01,2.565
2606,92.955,7.318,7.997,2.582
2606.5,93.393,7.28,7.933,2.579
2607,92.508,7.402,8.012,2.57
2607.5,91.665,7.264,8.02,2.577
2608,92.341,7.326,7.943,2.593
2608.5,94.739,7.108,7.931,2.607
2609,97.377,7.15,8.034,2.612
2609.5,98.015,6.931,8.005,2.617
2610,98.211,6.512,7.965,2.602
2610.5,97.207,6.213,8.02,2.589
2611,97.204,5.814,7.992,2.581
2611.5,97.44,5.635,7.975,2.592
2612,98.677,5.416,8.074,2.601
2612.5,99.195,5.278,8.089,2.586
2613,99.112,5.139,8.053,2.567
2613.5,98.947,5.182,8.024,2.556
2614,98.544,5.545,8.131,2.565
2614.5,97.5,5.928,8.067,2.595
2615,96.056,6.513,8.067,2.611
2615.5,92.411,6.836,7.967,2.598
2616,89.207,7.501,7.911,2.585
2616.5,87.083,7.583,8.053,2.589
2617,85.319,7.445,7.969,2.598
2617.5,84.755,7.266,7.937,2.607
2618,86.432,6.947,8.051,2.616
2618.5,87.75,6.608,8.241,2.627
2619,88.107,6.691,8.257,2.619
2619.5,88.103,6.131,8.18,2.585
2620,88.38,5.551,8.108,2.567
2620.5,88.776,5.352,8.033,2.563
2621,88.614,5.133,8.048,2.572
2621.5,88.291,5.055,7.995,2.588
2622,88.822,4.857,7.943,2.588
2622.5,91.127,4.738,8.022,2.576
2623,93.947,4.66,8.049,2.598
2623.5,97.76,4.582,7.953,2.603
2624,100,4.584,7.949,2.559
2624.5,100,4.706,8.06,2.568
2625,100,5.131,8.011,2.579
2625.5,100,5.312,7.959,2.573
2626,100,5.656,8.066,2.592
2626.5,100,6.121,7.898,2.584
2627,100,6.464,7.95,2.585
2627.5,100,6.747,7.949,2.593
2628,100,7.231,7.917,2.606
2628.5,100,6.932,7.992,2.604
2629,100,6.512,7.915,2.591
2629.5,100,6.333,8.006,2.578
2630,100,6.216,7.978,2.584
2630.5,100,6.218,7.878,2.594
2631,100,6.22,8.001,2.586
2631.5,100,5.921,7.873,2.58
2632,98.548,5.782,7.904,2.585
2632.5,96.729,5.644,8.015,2.595
2633,93.124,5.546,8.018,2.587
2633.5,89.637,5.447,8.01,2.578
2634,87.816,5.329,8.053,2.574
2634.5,86.115,5.071,8.04,2.571
2635,85.129,4.892,8.004,2.584
2635.5,84.895,4.713,8.035,2.59
2636,87.913,4.615,8.051,2.596
2636.5,88.791,4.457,8.006,2.588
2637,88.993,4.439,7.934,2.583
2637.5,87.61,4.541,7.834,2.574
2638,86.385,4.804,8.06,2.585
2638.5,87.102,5.188,8.123,2.599
2639,88.177,5.25,8.023,2.599
2639.5,88.738,5.253,7.983,2.621
2640,88.742,5.174,8.054,2.626
2640.5,87.319,5.136,7.966,2.611
2641,86.132,5.138,8.037,2.629
2641.5,86.336,5.26,8.005,2.627
2642,86.736,5.685,7.992,2.604
2642.5,86.146,5.827,7.976,2.564
2643,83.732,6.01,7.975,2.59
2643.5,82.03,6.334,7.939,2.602
2644,80.646,6.777,7.895,2.589
2644.5,78.469,7.241,7.973,2.573
2645,77.877,7.745,7.985,2.596
2645.5,77.883,7.907,7.948,2.598
2646,78.918,7.909,7.912,2.557
2646.5,80.708,7.61,7.911,2.558
2647,82.418,7.311,8.03,2.578
2647.5,84.882,7.173,8.041,2.574
2648,87.227,7.195,8.025,2.566
2648.5,89.849,7.077,8.072,2.563
2649,91.678,6.978,8.004,2.595
2649.5,93.785,6.841,7.992,2.583
2650,98.39,6.823,8.019,2.569